seed,cv_mcc,cv_f1,cv_auc,n_features
42,0.48160190008098375,0.7393479630626458,0.7709750566893425,25
43,0.45259054184579084,0.7220974158812234,0.8041383219954648,25
44,0.5214889773942133,0.7471091000502765,0.810374149659864,25
45,0.5094884224926653,0.7471091000502765,0.8041383219954649,25
46,0.5247345678483439,0.7561642235102171,0.8302154195011338,25
